RPG Returns,Carbon Intensity
0.6985361097505711,1.892
0.39315929508903436,1.986
0.596265674330458,2.13
0.6516733009309161,2.201
