RPG Life Sciences,Sun Pharma (Peer),Nifty Pharma Index
0.0008070226875620968,0.00011514722637215895,0.0001225545506950237
0.00011514722637215895,0.0002437198481967085,0.00015010633264146055
0.0001225545506950237,0.00015010633264146055,0.0001450084236720245
