Political_Stability,Rule_of_Law
-0.45127671957016,-0.04217629134655
0.628491878509521,1.53199517726898
-0.615027368068695,0.113943412899971
0.00870068650692701,1.36920201778412
